{
    "accuracy": 0.85,
    "precision_score": 0.9166666666666666,
    "recall_score": 0.8461538461538461,
    "f1_score": 0.88
}
